id,jp,model,alts
1,メグが授業に遅れるのは珍しいことだ．,It is unusual for Meg to be late for class.,
2,本を貸してくれるとはあなたはとても親切だ．(本を貸してくださって，どうもありがとう) It…,It is very kind of you to lend me the book.,
3,君にいっしょに来てほしい．,I want you to come with me.,
4,あなたにいっしょに来ていただきたい．,I would like you to come with me.,
5,彼女の両親は彼女が一人でヨーロッパを旅行することを許した．,Her parents allowed her to travel Europe alone.,Her parents let her travel Europe alone.
6,彼女は一人でヨーロッパを旅行することを許された．,She was allowed to travel Europe alone.,
7,彼女は息子に夜ふかしをしないように言った．,She told her son not to stay up late.,
8,彼が通りを横切るのが見えた．,I saw him cross the street.,
9,彼は通りを横切るのを見られた．,He was seen to cross the street.,
10,だれかが私の名前を言うのが聞こえた．,I heard someone say my name.,
11,母は私に（私の）部屋を掃除させた．,My mother made me clean my room.,My mother forced me to clean my room.
12,私は自分の部屋を掃除させられた．,I was made to clean my room.,I was forced to clean my room.
13,先生は私たちに彼女のコンピュータを使わせてくれた．Our…,Our teacher let us use her computer.,Our teacher allowed us to use her computer.
14,息子にあなたのお荷物を運ばせましょう．,I’ll have my son carry your baggage.,I'll=>I will
